code,object,word
0391,Eryn,Batteson
0075,Guenna,Stang-Gjertsen
0264,Ileane,Quarmby
0100,Mona,Silverstone
0846,Raf,Beauvais
0317,Myca,Enga
0493,Alphard,Belliss
0023,Ingram,Heaysman
0064,Leonelle,Demcak
0315,Henrietta,Golda
0045,Noni,Inkle
0824,Debra,Vasile
0969,Georgina,Nortcliffe
0733,Antonie,Arrault
0653,Amabel,Zolini
0745,Lauryn,Blader
0536,Gordy,Zavattieri
0656,Consolata,Najara
0657,Tonya,Iacovelli
0740,Kyle,Glozman
0402,Vale,Langhor
0861,Berne,Furby
0012,Ranee,Burchess
0632,Warde,Hynam
0601,Dimitry,Westfield
0868,Tiffanie,Hardan
0025,Paulie,Weddeburn
0392,Tabina,Beeze
0972,Bianca,Patillo
0792,Randi,Van der Veldt
0580,Tasia,Dartnall
0935,Colin,Blissett
0582,Jarred,Meneyer
0590,Angeline,O'Coskerry
0606,Barbi,Chavey
0480,Ive,Ianiello
0362,Sarah,Grimstead
0854,Cris,Crips
0772,Freddy,Sancroft
0983,Meier,Durtnel
0576,Bendicty,Kovnot
0741,Saunderson,Hollows
0521,Olympie,Tombleson
0020,Foss,Kirman
0229,Pietra,Harwell
0940,Shea,Emsley
0226,Austin,Sirett
0347,Melisandra,Hebble
0056,Leelah,Raubenheimer
0615,Dorri,Watters
0157,Clim,Olenov
0713,Gordie,Scopes
0319,Mayor,Rief
0278,Tommie,Treker
0984,Ofilia,Bow
0389,Carolina,Angus
0608,Olivero,Cosgreave
0867,Olenolin,O'Luney
0092,Helenelizabeth,Fearby
0437,Lazarus,Medcraft
0301,Dmitri,Leneham
0227,Vinita,Slesser
0289,Kassi,Kermode
0705,Phillip,Children
0407,Rip,Audus
0455,Waverley,Bason
0537,Herculie,Moody
0019,Giana,Volonte
0790,Edlin,Culkin
0065,Ag,Tours
0228,Tony,Effemy
0116,Olenolin,Duggon
0965,Francois,Maestro
0009,Adam,Tilt
0628,Giffard,Muirhead
0614,Florinda,Dalgarno
0577,Myer,Pennycuick
0179,Cornela,Aim
0725,Enrika,Simcoe
0236,Sibella,Eisikowitz
0549,Alfy,Pointer
0030,Chrystal,Ply
0198,Andy,Strathman
0581,Kalvin,Damerell
0583,Randolf,Mcwhinnie
0318,Luciano,Glover
0377,Renie,Roly
0311,Layne,Risbridge
0559,Victoir,Inderwick
0033,Sidoney,Campe
0692,Liv,Harcase
0069,Saleem,De Cruz
0848,Kenny,Couves
0130,Gifford,Custed
0925,Allix,Boyn
0163,Greta,Beale
0374,Kaela,Bunworth
0547,Filippa,Ivanitsa
0367,Nicholle,Abbis
0651,Antin,Comrie
0220,Jeanie,Pettecrew
0974,Bebe,McIlharga
0165,Marylynne,Vale
0770,Vidovic,Cannings
0172,Thea,Gilbane
0721,Caz,Rikard
0271,Darby,Fritter
0592,Stesha,Craggs
0872,Eleonora,Cheale
0652,Dex,Avramovsky
0661,Desiree,Riddett
0003,Vail,Rogister
0509,Violante,Cabrales
0912,Vittoria,Bromwich
0573,Dame,Spurett
0787,Shani,Gladhill
0113,Delbert,Woodruff
0111,Titus,Saxton
0067,Dene,Bogeys
0540,Pandora,Calway
0286,Joete,Athowe
0349,Martyn,Comusso
0101,Findley,Purton
0250,Wiley,McCalum
0515,Paula,Farnish
1000,Shandra,O'Sherin
0561,Mady,Harken
0327,Geneva,de Werk
0611,Cam,Loache
0115,Kailey,Hurkett
0254,Flori,Broadbent
0353,Missie,Haveline
0072,Ebonee,Culmer
0426,Neill,Benner
0361,Alberto,Carlyon
0476,Rosemonde,Wheelband
0674,Warner,Dearnly
0779,Northrup,Jaan
0444,Connor,Nunson
0558,Barde,Crebott
0630,Rosaline,Tayler
0290,Jacquelynn,Ghiroldi
0714,Dean,Leport
0454,Brinn,Grayling
0691,Miranda,Snaddon
0223,Codi,Tineman
0809,Trescha,Sellman
0541,Herb,Cashin
0108,Shayna,McPhelimey
0941,Hal,Northall
0826,Violante,Pywell
0194,Papagena,Edwardes
0491,Berry,Wickey
0929,Eugenie,Ferry
0957,Enid,Tandey
0215,Silvie,Seamer
0200,Arlyne,Corhard
0808,Cindie,Brindle
0640,Wayland,Kinningley
0424,Clerissa,Withull
0293,Lief,Care
0892,Quinn,Gladdifh
0934,Alfie,Brownstein
0641,Kata,Regenhardt
0889,Humphrey,Raw
0814,Gram,Franchi
0686,Ardyce,Hallatt
0554,Theressa,Kropach
0893,Merla,Knivett
0328,Koenraad,Shilton
0373,Jill,Cartman
0506,Bennie,Alves
0325,Hanson,Normanvell
0007,Anissa,Rylatt
0435,Far,Meadowcroft
0017,Jasmine,Whitwam
0623,Scotty,McAirt
0896,Delia,Warry
0979,Ranee,Slafford
0471,Barde,Reinmar
0700,Moreen,Upjohn
0060,Herby,Sheekey
0401,Rip,Ivanuschka
0234,Debor,Moden
0074,Mandi,Burchnall
0259,Kassia,Dibbe
0419,Mohandas,Marquet
0726,Wilow,Heball
0451,Gibb,Layton
0058,Sharla,Challen
0507,Angele,Wortman
0919,Dot,Turmell
0784,Mile,Drayson
0192,Madella,Littlejohns
0673,Roobbie,Priestnall
0918,Kelci,Wellsman
0648,Rayshell,Klampk
0775,Billye,Sawyers
0830,Zed,Topley
0133,Laetitia,Vidgeon
0230,Doria,Masdin
0369,Cleon,Conklin
0241,Ailyn,Escoffrey
0596,Leroy,Olliff
0316,Ransom,Greenley
0126,Ivett,Spendlove
0901,Corey,Presslie
0737,Enos,Froment
0160,Adrienne,Watford
0627,Artemas,Hanscomb
0825,Lenka,Swaby
0408,Ave,Moulding
0166,Othella,Bridgeman
0242,Blondell,Shatford
0834,Reginauld,McCumskay
0222,Costa,Lusher
0414,Florina,Haine
0145,Nilson,Merrill
0666,Kevyn,Burgan
0904,Eran,Nazareth
0588,Ilka,Lippard
0091,Katlin,Besson
0117,Wolfgang,Zemler
0734,Erik,Proudler
0902,Tybalt,Pagnin
0728,Pet,Micheau
0460,Neila,Mumbey
0680,Ken,Warlaw
0291,Nancy,Matthisson
0938,Tod,Capewell
0565,Roseanna,Reiglar
0971,Ricard,MacAfee
0022,Dewain,Nealand
0251,Gunter,Mowling
0429,Nerty,Holborn
0950,Garvy,Rubinfeld
0483,Janis,Rojel
0490,Gunar,Godman
0016,Ewart,Tuffell
0473,Audra,Tizard
0224,Pris,Munnery
0140,Portia,Casier
0161,Rodolfo,Luttger
0704,Rubie,Chetwind
0669,Lydon,Kill
0924,Berna,Adney
0139,Rhett,Revely
0827,Kendre,Parks
0698,Locke,Lochhead
0097,Stephenie,Coryndon
0248,May,Tampion
0089,Laryssa,Ratlee
0096,Buck,Armstead
0639,Kass,Shortan
0717,Clark,Hatley
0306,Dari,Kinnerley
0417,Carrol,Muriel
0308,Cordell,Gillanders
0555,Linea,Audsley
0650,Mame,Toombs
0719,Rose,Boltwood
0781,Major,Gildersleeve
0354,Evangelin,Rotge
0018,Emmalyn,Parradice
0098,Adham,Strain
0303,Hadley,Trevain
0332,Chen,Anthonies
0202,Lindie,Hebner
0667,Charo,Hordle
0330,Sadye,Harmer
0822,Marillin,Redsall
0551,Dorolice,Strete
0244,Jeanie,Greenig
0531,Gusella,Mellish
0823,Kelley,Levee
0499,Cyndy,Blick
0011,Davidson,Cornillot
0516,Dreddy,Hasson
0875,Stanleigh,Al Hirsi
0355,Maurise,Cadamy
0484,Rosanne,Sangster
0696,Aeriel,Blanden
0862,Sandra,Ife
0379,Heddi,Bonwell
0281,Keir,Glyn
0748,Ardenia,Mallebone
0151,Janet,Gatheral
0987,Melisent,Pomeroy
0631,Estell,Ramelet
0146,Lemar,Le Breton
0219,Alfie,O'dell
0836,Tootsie,Sterland
0771,Cleon,Seath
0477,Sada,Judgkins
0765,Dacia,Eaves
0747,Simmonds,Mazzia
0302,Dre,Stoate
0144,Lisle,Epsly
0546,Adiana,Entreis
0196,Mariam,Gamell
0488,Harcourt,Thistleton
0665,Tye,Ivanaev
0044,Valdemar,Ruperto
0796,Nerita,Pheby
0682,Xaviera,Tunesi
0162,Donetta,Metterick
0059,Delaney,Brandolini
0953,Christel,Stent
0331,Akim,Cherry
0148,Oneida,Maskew
0243,Bartolemo,Lewry
0479,Julianne,Mattityahou
0292,Eveline,Schooley
0621,Catlaina,Brolechan
0257,Shurwood,Durrad
0909,Eugenio,Aucoate
0746,Dennison,Corneil
0529,Alyss,Kairns
0397,Tommi,Proughten
0171,Kally,Gosz
0598,Cati,Rose
0777,Dianemarie,Raddin
0858,Sandy,McCulley
0835,Ethelbert,Santen
0927,Fons,McSweeney
0958,Skipp,Covendon
0082,Bryant,Sheather
0351,Karalynn,Riccioppo
0081,Ilysa,Griggs
0323,Simone,Strutt
0346,Maddie,Hylden
0990,Freedman,Farnorth
0295,Flory,Goodred
0562,Derk,Siggins
0175,Coletta,Rainville
0981,Sauveur,Spafford
0288,Keelby,Andreini
0730,Huntington,King
0275,Stephie,Picknett
0048,Ansell,Blase
0039,Morna,Issacof
0885,Shell,Edwards
0055,Tyne,Czajkowska
0008,Valida,Beckley
0662,Dana,Bartrum
0520,Anthe,Mellish
0828,Arnaldo,Overill
0466,Margette,Romme
0410,Elena,Wadham
0182,Lyndel,Peters
0324,Barr,Colman
0758,Nels,Gouinlock
0329,Gerry,Sabine
0810,Yvon,Grossier
0795,Melisa,Cruces
0800,Davita,Jina
0276,Dru,Rabbe
0205,Laurie,Pickering
0697,Bettina,Mabbe
0505,Rheba,Lints
0359,Frayda,MacSwayde
0078,Ranice,Shirtliff
0762,Matthiew,Scown
0452,Marlane,Coniam
0553,Tucky,Crosser
0305,Winnie,Fairbanks
0168,Kata,Tremathick
0964,Joyce,Sarath
0879,Monro,Brydon
0104,Rad,Ripping
0864,Aarika,Sketh
0701,Sande,Mynett
0586,Cicely,Amys
0034,Kippy,Crockley
0388,Louise,Chieco
0203,Alyss,Shaw
0503,Uriah,Haddington
0636,Lorelei,Jerdein
0501,Claudius,Valentine
0492,Joane,Glanton
0372,Carola,Siddon
0088,Brandtr,Medford
0296,Mariska,Shakelady
0002,Lindie,Gladman
0618,Richy,Seed
0068,Lindon,Govan
0660,Corissa,Freeborne
0112,Ellerey,Bourton
0887,Delmer,Paxforde
0962,Tomaso,Northcliffe
0605,Hildagarde,Hennemann
0542,Hyman,Mort
0743,Lula,Langfield
0434,Kara,Vial
0358,Darnell,Holwell
0833,Amber,Giraudat
0988,Ainslie,Wann
0533,Anders,Emanuel
0888,Marguerite,Campo
0525,Madelon,Serck
0447,Babette,Moogan
0744,Marwin,Lidgey
0815,Mar,Bridal
0629,Scarface,Pock
0420,Jillie,Rivallant
0910,Sherri,Strooband
0634,Ansell,Sonnenschein
0026,Skell,Aronin
0114,Blondelle,Escott
0154,Vivianna,Latter
0449,Margo,Junifer
0132,Darsey,Ealles
0750,Wenonah,Selway
0134,Prescott,Frier
0917,Kipp,Shillito
0399,Lexie,Speirs
0766,Ryan,Spaule
0844,Flemming,Meech
0142,Philbert,Swett
0183,Hagen,Peeters
0774,Paddie,Mougenel
0333,Delbert,Yurkin
0005,Hagen,Galliard
0209,Xena,Jacobbe
0339,Gerald,Yelland
0080,Edouard,Morston
0817,Valentia,Bunten
0563,Delainey,Burney
0086,Damian,Rubinchik
0905,Will,Poon
0265,Wit,Rowles
0199,Cahra,Gascoine
0066,Tybalt,Valero
0736,Ramsay,Kovacs
0895,Jasen,Kincade
0992,Alane,Ayce
0942,Tildie,Sucre
0216,Olivia,De Malchar
0845,Dion,Dawbury
0135,Hillie,Poulett
0010,Nicol,Kersting
0079,Gorden,Maffini
0677,Cory,Danilewicz
0595,El,Claxson
0886,Kristien,Bentsen
0462,Jannel,Moore
0249,Marian,Pietroni
0046,Aubrey,Sepey
0461,Timmy,Rawdales
0937,Cleon,Mordaunt
0534,Fonz,Foston
0735,Lyda,Addis
0344,Nickolai,Janda
0512,Celestine,Berryann
0137,Marni,Darnell
0321,Katharyn,Goning
0708,Jackqueline,Barock
0767,Lucilia,Jakoubek
0568,Emory,MacKibbon
0684,Nanice,Verheyden
0672,Theda,Fallanche
0453,Saidee,Scanlin
0239,Collette,Koschke
0270,Malynda,McDonell
0159,Rhoda,Muris
0604,Issy,Enos
0051,Agneta,Chart
0263,Kendricks,Lemon
0690,Sybyl,Snoxill
0368,Martino,Acres
0807,Jermaine,Bernadot
0742,Giulia,Jansky
0998,Hymie,Sellen
0679,Lanette,Echlin
0320,Damon,Turfs
0406,Biddie,Rounds
0124,Lovell,Edgecombe
0897,Suzette,Hardin
0247,Tally,Kimmitt
0164,Wilow,Scowen
0482,Gertrude,Dowbekin
0299,Nita,Shout
0214,Ellwood,Peinke
0277,Josephine,Bottom
0210,Whittaker,Lanmeid
0574,Gabie,Vause
0001,Marnie,Vequaud
0099,Chucho,Staddon
0952,Billy,Edsell
0485,Barn,Maccrie
0217,Dareen,Battison
0603,Kimberly,Proughten
0995,Kerstin,Dunley
0788,Sylvan,Mulford
0448,Gradeigh,Bouskill
0184,Christos,Osgar
0054,Ami,Holywell
0093,Murray,Eilers
0150,Gerick,Labrom
0233,Zandra,Bensley
0496,Claude,McGucken
0722,Blinny,Iron
0643,Alyce,Kilcoyne
0865,Crysta,Maclaine
0819,Romonda,McCreery
0633,Korney,Jakoubec
0180,Yettie,Dimond
0090,Christabel,Dunlop
0405,Beverley,Antonucci
0395,Maryellen,Munroe
0396,Mariquilla,Bestman
0797,Shaun,Weymont
0178,Kissiah,Jillett
0960,Emalia,Reiach
0095,Rosabel,Marfell
0986,Don,Whinney
0489,Berke,Bloxsom
0602,Emelina,Danelutti
0031,Wilden,Cram
0921,Colby,Hallatt
0883,Natale,Eixenberger
0422,Oswald,Littleton
0469,Jere,Hucknall
0855,Joel,Fakes
0812,Lucretia,Robelin
0149,Beret,Gravenall
0518,Bern,Potier
0514,Gail,Kelsell
0523,Dwain,Masic
0360,Adrea,Gullick
0297,Dale,Hrynczyk
0693,Carlin,Kershaw
0635,Dom,Croxford
0084,Uriah,Ribchester
0572,Madelin,Poutress
0527,Mendel,Nawton
0535,Valery,Jacson
0304,Kanya,Draye
0706,Jillayne,Antonetti
0122,Garik,Albro
0956,Adiana,Carvell
0550,Keene,Fitter
0870,Marsha,Wylie
0966,Boyd,Benardeau
0197,Zara,Scarbarrow
0882,Avram,Gleave
0169,Harp,Georgescu
0922,Minetta,Schulze
0394,Tudor,Howarth
0723,Angeline,MacAloren
0386,Christi,Goreisr
0177,Alfons,Dugood
0936,Pauly,Tinker
0759,Brandise,Margetson
0811,Ginnie,Santori
0768,Sarah,Reedshaw
0804,Bertie,Niemiec
0404,Orly,Bice
0610,Ricca,Iohananof
0642,Dory,MacGarrity
0128,Celinda,Rushton
0578,Ilaire,Connock
0890,Armin,Seifenmacher
0390,Dalia,Lilloe
0418,Giffie,Tomasino
0589,Florina,Micah
0681,Raphael,Elfitt
0237,Phil,MacDonald
0980,Tori,Guerreiro
0087,Bonita,Ert
0816,Krystal,Pigdon
0712,Caesar,Moens
0903,Bellina,Cawker
0431,Kathryne,Greetham
0543,Thayne,Bromley
0856,Eydie,Erdes
0970,Marlyn,Le Strange
0208,Lorianna,Tithecott
0613,Orelie,Castletine
0840,Lennie,Leak
0343,Ches,Powley
0364,Ariana,Smalecombe
0570,Sherline,May
0125,Joeann,Stivey
0600,Emili,Auchterlonie
0421,Gwenny,Lode
0497,Willie,Dowyer
0238,Brenn,Mont
0755,Melita,Advani
0061,Mavra,Collip
0123,Ginger,McReynold
0070,Justen,Litherborough
0624,Wendell,Gibbins
0963,Rolland,Leyre
0739,Wrennie,Korejs
0170,Stormie,Kwiek
0246,Dorice,Clandillon
0939,Clarinda,Espino
0029,Edsel,Lattos
0638,Margi,Figge
0428,Thaddeus,Bolwell
0267,Geoffry,Bitten
0996,Flossie,Nys
0450,Aila,Crombleholme
0268,Rosemary,Jaffray
0778,Antonius,Petrovsky
0014,Aldous,Scrancher
0545,Estell,Akehurst
0433,Brit,Maha
0899,Mill,Cropton
0231,Georgena,Milazzo
0718,Del,Beazleigh
0370,Moss,Kahane
0185,Wiley,Crangle
0764,Annissa,Robertsen
0785,Drona,Carabine
0181,Thorvald,Sproule
0094,Blaine,Bonn
0103,Regen,Honnan
0607,Kingsly,Mendoza
0571,Murdoch,Spary
0475,Anatol,Macak
0881,Dalenna,Marde
0502,Ardra,De la Eglise
0371,Jennee,Nagle
0803,Stanton,Fullard
0954,Tremain,Wabey
0415,Isabelita,Menure
0152,Elbertine,Baudins
0037,Johnathan,Veschambes
0751,Cornelia,Bitten
0382,Lonnie,Pennycook
0375,Thalia,Yakobowitz
0791,Trace,OIlier
0678,Manon,Clewett
0083,Ellery,Birkenshaw
0898,Amandi,Biggadyke
0348,Massimiliano,Rickell
0464,Allin,Luckhurst
0366,Care,Brumble
0906,Brook,Jiroutek
0945,Lindsay,Duplain
0818,Dallas,Backs
0204,Raphaela,Sidebotham
0637,Starla,Sokale
0793,Debra,Ettery
0859,Marlowe,McCumskay
0298,Aurora,Littledyke
0287,Alyse,Craythorn
0218,Eran,Speer
0049,Berthe,Venturoli
0393,Ryan,Dadge
0659,Danila,McBlain
0946,Isabel,Doogood
0871,Brianna,Leser
0307,Emmerich,Redd
0465,Yvor,Prettejohns
0495,Forrester,Swafield
0313,Ruthi,Jumel
0647,Cly,Hovell
0253,Cherlyn,Toffano
0860,Lauren,Calabry
0416,Nancie,Calbreath
0670,Goldi,Wyllcocks
0837,Smitty,Boswell
0041,Lisette,Glassopp
0309,Timmy,Arpino
0510,Sandie,Horlick
0062,Kay,Aldis
0274,Gottfried,Duignan
0441,Holly-anne,Fellman
0646,Malva,Shearsby
0973,Raeann,Kinlock
0959,Antonino,Kenninghan
0474,Babbie,Thor
0884,Lethia,Sharvell
0006,Arabelle,Freke
0526,Imelda,Langstaff
0158,Demetrius,Yoell
0105,Wanda,Attle
0783,Irina,Lamble
0188,Graig,Twentyman
0943,Israel,Posten
0851,Otto,Rathjen
0430,Kelbee,Joist
0993,Oona,Rudeforth
0702,Rafi,Spradbery
0923,Kinna,Jirus
0398,Jacques,Hachard
0820,Devora,Capron
0191,Harmony,Chadbourne
0587,Caralie,Joutapavicius
0102,Eveline,Varden
0683,Loise,Lovekin
0131,Fredia,Culleton
0153,Ramonda,Hay
0314,Gipsy,Flanigan
0524,Brig,Lewis
0285,Mandel,Rabbatts
0548,Sarene,Cavell
0380,Vincent,Ridge
0350,Broddy,Tather
0689,Minny,Hilland
0932,Wallis,Poplee
0513,Angie,Loudon
0869,Darrick,Mellsop
0212,Mortimer,Eardley
0504,Charmine,Trow
0831,Hamnet,Barrell
0283,Darsey,Wassell
0381,Brietta,Ritchie
0532,Mordecai,Hegarty
0121,Esdras,Vacher
0201,Elliot,Lown
0458,Nataline,Davana
0913,Corrina,Camsey
0900,Letitia,Niessen
0685,Isidor,McLewd
0213,Blakelee,Ninnotti
0668,Tristan,Arnfield
0211,Frants,Wardley
0727,Jamaal,Millwater
0880,Ettie,Djekovic
0272,Lothario,Wickie
0118,Roland,Villa
0107,Batsheva,Major
0400,Merrilee,Norker
0729,Van,Golton
0310,Jeramie,Binns
0975,Markos,Blune
0446,Durand,Iveans
0675,Brenna,Dobbings
0715,Lindon,Parkman
0195,Kermy,Ackenson
0036,Raina,Balwin
0709,Jedidiah,Macy
0916,Gwennie,Eglaise
0076,Nichole,Dunrige
0119,Bev,Goolden
0511,Keeley,Cash
0384,Ryann,Monkton
0050,Caleb,Rawles
0028,Jandy,Ahmad
0663,Doralynn,Viccary
0609,Linnie,Stockford
0498,Elle,Trustrie
0664,Kristos,Staff
0336,Elmer,Pate
0481,Reilly,Zelley
0442,Tina,Wein
0699,Hermy,Plante
0294,Gerladina,Pariss
0920,Sayre,Mularkey
0658,Salvatore,Kidner
0225,Honey,Rubberts
0620,Sophie,Dufaur
0206,Laura,Blunsom
0432,Teodora,Durdy
0463,Christian,Long
0378,Bertina,Fuentez
0470,Thaxter,Straneo
0753,Berton,Siggens
0654,Lucita,Guillard
0403,Carine,Fraschini
0857,Gerik,Coogan
0556,Paulie,Flescher
0649,Elladine,Barrable
0129,Tabina,Sutcliff
0342,Collen,Monks
0655,Jorge,Hun
0731,Cozmo,Ricciardi
0207,Dolli,Gidman
0345,Lorilee,Westgate
0255,Abbie,Vernay
0127,Ashlan,Carreck
0930,Christi,Ormistone
0269,Jermain,Tweedlie
0357,Leena,Bachnic
0539,Wendall,Floyde
0794,Arabel,McIlvaney
0687,Ellissa,Size
0999,Kathe,Yushkin
0387,Graeme,Sapsforde
0805,Desiri,Woollin
0645,Carver,Ambrosetti
0073,Eugenia,O'Doghesty
0695,Kathryne,Willans
0676,Dunstan,Monnoyer
0843,Robbert,Valintine
0585,Boycey,Tallyn
0915,Isobel,O'Doherty
0110,Rouvin,Hedworth
0933,Gipsy,Tye
0616,Anthiathia,Coger
0599,Madalyn,Luca
0544,Emmanuel,Grieswood
0322,Alvan,O'Hdirscoll
0409,Gustave,Bartomeu
0187,Lisle,Collar
0486,Darcie,Renvoise
0478,Savina,Nigh
0109,Bobine,Archbutt
0760,Alayne,Chapleo
0967,Kaia,Gildersleaves
0894,Gabriello,Whaites
0240,Zandra,Hambidge
0261,Cordelie,Chinn
0838,Margeaux,Tebbett
0167,Vincents,Lapthorn
0738,Giacobo,Esposita
0443,Meggi,Enderwick
0732,Kendre,Fairbourne
0190,Burr,Critcher
0575,El,Teresa
0671,Verney,Dainton
0411,Elvis,Birdis
0530,Jorey,Geroldo
0334,Pieter,O'Boyle
0258,Morey,Flew
0457,Reinwald,Dinley
0997,Rhoda,Wooland
0849,Carlo,Kynd
0977,Leland,Abdey
0138,Alidia,Nardi
0494,Lyndsey,MacCrachen
0383,Felecia,Everard
0989,Rowland,Spencley
0839,Chev,Mathelon
0908,Adore,Ellcome
0829,Consuela,Aldersey
0077,Marlon,Jansens
0456,Audry,Glasson
0467,Regina,Tomenson
0756,Adella,Zavittieri
0926,Lyndsay,Ragsdale
0043,Trixi,Driffe
0445,Trumann,Martonfi
0155,Natalya,Epple
0436,Lindsy,Dickings
0335,Karney,Duesbury
0538,Susana,Dodsworth
0931,Fernanda,Stute
0850,Teirtza,Hargess
0644,Theresa,Braunle
0363,Farly,Easterby
0338,Ainslie,Van der Daal
0120,Johan,Hause
0710,Fabio,Treharne
0853,Byron,Causley
0763,Rickey,O'Shiel
0584,Dorisa,Petrasch
0052,Pietra,Wakes
0284,Danella,Prati
0948,Jennifer,Gregoratti
0260,Evie,Rothermel
0842,Corilla,Woolacott
0863,Eberhard,Elecum
0593,Valli,Halversen
0874,Morey,Davidsson
0622,Catharine,Amerighi
0891,Bern,Priestley
0425,Vinnie,Haly
0707,Isahella,Laughlan
0720,Timothea,Ferrarin
0047,Hulda,Bertouloume
0569,Ciel,Dossett
0189,Papagena,Giraudeau
0085,Yettie,Symcock
0340,Giorgi,Cattrell
0801,Clovis,Higford
0591,Stearne,Killiner
0427,Prentice,MacFaul
0273,Dwight,MacAlinden
0944,Rosamund,Cubbin
0013,Kati,Winstanley
0235,Bartlett,Nowland
0786,Bradan,Rosenfelder
0057,Shelia,MacKniely
0459,Gun,MacFaell
0802,Kaitlyn,Screase
0071,Osgood,Suggett
0716,Granville,Ainsley
0579,Donaugh,Duthy
0106,Nap,Ickovitz
0914,Kaja,Astbery
0176,Karlen,Withnall
0232,Nalani,Grigg
0564,Vittorio,Beardmore
0949,Catlee,Kitchen
0928,Wiley,Twallin
0907,Christiano,Blackesland
0876,Giraldo,Corzon
0752,Loutitia,Crisell
0866,Vince,Braddock
0032,Misti,Wabey
0878,Dominic,Budget
0566,Clarinda,Broose
0040,Meryl,Flanner
0985,Charlena,McAster
0567,Thomas,Quoit
0053,Ardelis,Pettisall
0038,Germain,Lathom
0021,Jacklyn,Pither
0024,Diann,Bairstow
0221,Barty,Kilalea
0978,Mac,Seczyk
0356,Jaine,Ousbie
0994,Vivi,Maseres
0500,Tomasine,Dadley
0282,Whitney,Dodle
0245,Julian,Monelli
0262,Darby,Kettlestring
0852,Eb,Brazil
0266,Lennard,Dowears
0625,Jeffy,Coryndon
0968,Ax,Hawkswood
0439,Tedd,Beadon
0724,Kingsley,Kinkead
0552,Jack,Stoney
0035,Susanne,Mussared
0508,Torin,Suthworth
0749,Babbie,Dyte
0688,Stavros,Riding
0156,Cathyleen,Rodgers
0877,Bridie,Potte
0280,Lanae,Radwell
0042,Gilberte,Delleschi
0951,Katey,Kruse
0780,Abbey,Polo
0757,Rodolphe,Tasseler
0341,Rudolf,Laguerre
0626,Chantalle,Andrewartha
0027,Darell,Pechan
0711,Remington,Rizziello
0617,Paola,Thomen
0873,Hannie,Steuhlmeyer
0754,Aurilia,Weed
0440,Sheffield,De Roeck
0186,Ana,Laydon
0955,Lion,Belliss
0063,Rasia,Hyrons
0976,Tristam,Pinck
0773,Gualterio,Carlile
0412,Tirrell,Shirrell
0300,Cherey,Oldale
0376,Haskell,McNirlan
0799,Mavra,Tuley
0472,Isador,Passby
0557,Vergil,Raison
0841,Job,MacRitchie
0468,Poul,McNae
0252,Creigh,Tollmache
0782,Sybil,Berrecloth
0789,Katheryn,O'Lahy
0136,Padget,MacTrusty
0385,Jacklyn,Gosdin
0517,Bartholemy,Claypoole
0798,Jory,Olsson
0141,Devi,Leif
0961,Nick,Jillett
0703,Issy,Braganca
0143,Renee,MacKnocker
0597,Joan,Castaner
0694,Corey,Hunstone
0947,Callida,Philippson
0004,Calhoun,Poag
0594,Patrice,Burry
0528,Sharai,Brattan
0015,Bartram,Bradden
0813,Kyle,Dawbury
0769,Giraldo,Hawthorn
0776,Moselle,Lathaye
0174,Susanna,Diboll
0619,Ibbie,Haggeth
0821,Bibbie,Reddin
0560,Nert,Krugmann
0365,Kain,Parrett
0326,Rowena,Saines
0279,Carlin,O'Criane
0832,Carmella,Dehn
0423,Upton,Dyball
0806,Berne,Wathen
0413,Denver,Kenworthey
0847,Pearla,Maha
0312,Sayre,Turner
0487,Lyndsie,Stiegar
0522,Tobi,Ciani
0982,Ezra,Ranscomb
0761,Elmore,Ferry
0991,Wes,Samples
0911,Derby,Harwood
0193,Aleen,Pridie
0612,Jannel,Graham
0337,Eugine,MacCallum
0173,Robbyn,Ratke
0256,Kirby,Bricksey
0519,Vi,Lankester
0147,Prinz,Demaine
0352,Ronica,Summerhayes
0438,Bob,Cathel
